{
  "info": {
    "_postman_id": "c3c700bc-b5ac-499e-b078-8f3c8bb47e8d",
    "name": "TMF641-ServiceOrdering-v4.1.0",
    "description": "## TMF API Reference : TMF 641 - Service Ordering Management\n\n Version 4.0 \n\nThe Service Order API provides a standardized mechanism for managing Service Order, a type of order which can be used to place an order between internal Customer Order management system to service order management system or between a service provider and a partner and vice versa.\n\n### Service Order resource\nA service order will describe a list of service order items.  A service order item references an action on an existing  or  future  service.  By  service  we  designed  Customer Facing  Service  (CFS)  as  well  as  Resource Facing Service (RFS).\nFrom a component perspective, a service order should be available\n- from a Service Orchestration Component (and it could mix CFS and RFS)\n- from an Infrastructure Control & Management component (and it would have only RFS)\n\n### TMF641 performs the following operations on service order resource :\n- Retrieval of a service order or a collection of service orders depending on filter criteria\n- Partial update of a service order (including updating rules)\n- Creation of a service order (including default values and creation rules)\n- Deletion of service order (for administration purposes)\n- Notification of events on Service order\n\n**Cancel Service Order resource**\n\nThis resource is used to request a service order cancellation.\n\n**TMF641 provides following operations on Cancel Service Order resource :**\n\n- Retrieval of a cancel service order or a collection of cancel service orders \n- Creation of a cancel service order \n- Notification of events on cancel service order.\n\nCopyright © TM Forum 2020. All Rights Reserved",
    "schema": "https://schema.getpostman.com/json/collection/v2.1.0/collection.json"
  },
  "item": [
    {
      "name": "serviceOrder",
      "item": [
        {
          "name": "List or find ServiceOrder objects",
          "_postman_id": "a692d005-9a43-4b6f-9e4b-04250a6fa7d8",
          "request": {
            "method": "GET",
            "header": [
              {
                "key": "Accept",
                "value": "application/json;charset=utf-8"
              },
              {
                "key": "Content-Type",
                "value": "application/json;charset=utf-8"
              }
            ],
            "body": {
              "mode": "formdata",
              "formdata": []
            },
            "url": {
              "raw": "{{scheme}}://{{host}}:{{port}}/tmf-api/serviceOrdering/v4/serviceOrder?fields={{fields}}&offset={{offset}}&limit={{limit}}",
              "protocol": "{{scheme}}",
              "host": [
                "{{host}}"
              ],
              "port": "{{port}}",
              "path": [
                "tmf-api",
                "serviceOrdering",
                "v4",
                "serviceOrder"
              ],
              "query": [
                {
                  "key": "fields",
                  "value": "{{fields}}"
                },
                {
                  "key": "offset",
                  "value": "{{offset}}"
                },
                {
                  "key": "limit",
                  "value": "{{limit}}"
                }
              ]
            },
            "description": "This operation list or find ServiceOrder entities"
          },
          "response": []
        },
        {
          "name": "Creates a ServiceOrder",
          "_postman_id": "23974d28-f0fc-4b4c-bf09-ac112d6590ff",
          "request": {
            "method": "POST",
            "header": [
              {
                "key": "Accept",
                "value": "application/json;charset=utf-8"
              },
              {
                "key": "Content-Type",
                "value": "application/json;charset=utf-8"
              }
            ],
            "body": {
              "mode": "raw",
              "raw": "{\n  \"externalId\": \"BSS748\",\n  \"priority\": \"1\",\n  \"description\": \"Service order description\",\n  \"category\": \"TMF resource illustration\",\n  \"requestedStartDate\": \"2020-08-27T09:37:40.508Z\",\n  \"requestedCompletionDate\": \"2020-08-27T09:37:40.508Z\",\n  \"@type\": \"ServiceOrder\",\n  \"serviceOrderItem\": [\n    {\n      \"id\": \"1\",\n      \"action\": \"add\",\n      \"@type\": \"ServiceOrderItem\",\n      \"service\": {\n        \"serviceState\": \"active\",\n        \"type\": \"CFS\",\n        \"serviceCharacteristic\": [\n          {\n            \"name\": \"vCPE\",\n            \"valueType\": \"object\",\n            \"value\": {\n              \"@type\": \"JSONSpecification\",\n              \"@schemaLocation\": \"http://nbi/api/v4/serviceSpecification/ONAPvCPE_Spec/specificationInputSchema\",\n              \"vCPE_IP\": \"193.218.236.21\",\n              \"MaxTxRate\": 300,\n              \"TransmitPower\": \"11 dBm\",\n              \"maxTream\": \"OFF\"\n            }\n          }\n        ],\n        \"serviceSpecification\": {\n          \"id\": \"ONAPvCPE_Spec\",\n          \"href\": \"http://...:serviceSpecification/ONAPvCPE_Spec\",\n          \"name\": \"vCPE\",\n          \"version\": \"1\",\n          \"@type\": \"vCPE\"\n        }\n      }\n    }\n  ]\n}"
            },
            "url": {
              "raw": "{{scheme}}://{{host}}:{{port}}/tmf-api/serviceOrdering/v4/serviceOrder",
              "protocol": "{{scheme}}",
              "host": [
                "{{host}}"
              ],
              "port": "{{port}}",
              "path": [
                "tmf-api",
                "serviceOrdering",
                "v4",
                "serviceOrder"
              ]
            },
            "description": "This operation creates a ServiceOrder entity."
          },
          "response": []
        },
        {
          "name": "Retrieves a ServiceOrder by ID",
          "_postman_id": "9198aab5-4c9f-4e46-bed9-5a1d447066c9",
          "request": {
            "method": "GET",
            "header": [
              {
                "key": "Accept",
                "value": "application/json;charset=utf-8"
              },
              {
                "key": "Content-Type",
                "value": "application/json;charset=utf-8"
              }
            ],
            "body": {
              "mode": "formdata",
              "formdata": []
            },
            "url": {
              "raw": "{{scheme}}://{{host}}:{{port}}/tmf-api/serviceOrdering/v4/serviceOrder/:id?fields={{fields}}",
              "protocol": "{{scheme}}",
              "host": [
                "{{host}}"
              ],
              "port": "{{port}}",
              "path": [
                "tmf-api",
                "serviceOrdering",
                "v4",
                "serviceOrder",
                ":id"
              ],
              "query": [
                {
                  "key": "fields",
                  "value": "{{fields}}"
                }
              ],
              "variable": [
                {
                  "value": "{{id}}",
                  "id": "id"
                }
              ]
            },
            "description": "This operation retrieves a ServiceOrder entity. Attribute selection is enabled for all first level attributes."
          },
          "response": []
        },
        {
          "name": "Updates partially a ServiceOrder",
          "_postman_id": "b0cfad4b-202e-4f35-a3bc-b752493e1209",
          "request": {
            "method": "PATCH",
            "header": [
              {
                "key": "Accept",
                "value": "application/json;charset=utf-8"
              },
              {
                "key": "Content-Type",
                "value": "application/json;charset=utf-8"
              }
            ],
            "body": {
              "mode": "raw",
              "raw": "{\n  \"description\": \"Service order new description updated v2\",\n  \"requestedStartDate\": \"2020-08-27T09:37:40.508Z\",\n  \"requestedCompletionDate\": \"2020-08-27T09:37:40.508Z\",\n  \"orderItem\": [\n    {\n      \"id\": \"1\",\n      \"action\": \"add\",\n      \"state\": \"acknowledged\",\n      \"service\": {\n        \"@type\": \"Service\",\n        \"state\": \"active\",\n        \"serviceType\": \"CFS\",\n        \"serviceCharacteristic\": [\n          {\n            \"id\": \"452-gh6\",\n            \"name\": \"vCPE\",\n            \"valueType\": \"object\",\n            \"value\": {\n              \"@type\": \"vCPE\",\n              \"@schemaLocation\": \"http://nbi/api/v4/serviceSpecification/ONAPvCPE_Spec/specificationInputSchema\",\n              \"vCPE_IP\": \"193.218.236.26\",\n              \"MaxTxRate\": 300,\n              \"TransmitPower\": \"11 dBm\",\n              \"maxTream\": \"OFF\"\n            }\n          }\n        ],\n        \"serviceSpecification\": {\n          \"@type\": \"ONAPServiceSpecificationRef\",\n          \"@schemaLocation\": \"http://my.schema/ONAPServiceSpecificationRef.json\",\n          \"id\": \"ONAPvCPE_Spec\",\n          \"href\": \"http://../serviceSpecification/ONAPvCPE_Spec\",\n          \"name\": \"vCPE\",\n          \"version\": \"1\",\n          \"invariantUUID\": \"456-852-357\",\n          \"toscaModelURL\": \"http//...\"\n        }\n      },\n      \"@type\": \"ServiceOrderItem\"\n    }\n  ]\n}"
            },
            "url": {
              "raw": "{{scheme}}://{{host}}:{{port}}/tmf-api/serviceOrdering/v4/serviceOrder/:id",
              "protocol": "{{scheme}}",
              "host": [
                "{{host}}"
              ],
              "port": "{{port}}",
              "path": [
                "tmf-api",
                "serviceOrdering",
                "v4",
                "serviceOrder",
                ":id"
              ],
              "variable": [
                {
                  "value": "{{id}}",
                  "id": "id"
                }
              ]
            },
            "description": "This operation updates partially a ServiceOrder entity."
          },
          "response": []
        },
        {
          "name": "Deletes a ServiceOrder",
          "_postman_id": "f03cb87b-429e-44f5-a618-4647044392a1",
          "request": {
            "method": "DELETE",
            "header": [
              {
                "key": "Accept",
                "value": "application/json;charset=utf-8"
              },
              {
                "key": "Content-Type",
                "value": "application/json;charset=utf-8"
              }
            ],
            "body": {
              "mode": "formdata",
              "formdata": []
            },
            "url": {
              "raw": "{{scheme}}://{{host}}:{{port}}/tmf-api/serviceOrdering/v4/serviceOrder/:id",
              "protocol": "{{scheme}}",
              "host": [
                "{{host}}"
              ],
              "port": "{{port}}",
              "path": [
                "tmf-api",
                "serviceOrdering",
                "v4",
                "serviceOrder",
                ":id"
              ],
              "variable": [
                {
                  "value": "{{id}}",
                  "id": "id"
                }
              ]
            },
            "description": "This operation deletes a ServiceOrder entity."
          },
          "response": []
        }
      ],
      "_postman_id": "b7ba4474-07ea-4082-890e-5a440fd64e47",
      "description": "Folder for serviceOrder"
    },
    {
      "name": "cancelServiceOrder",
      "item": [
        {
          "name": "List or find CancelServiceOrder objects",
          "_postman_id": "14a5b425-2840-4e8d-9c25-413bef6f0ad0",
          "request": {
            "method": "GET",
            "header": [
              {
                "key": "Accept",
                "value": "application/json;charset=utf-8"
              },
              {
                "key": "Content-Type",
                "value": "application/json;charset=utf-8"
              }
            ],
            "body": {
              "mode": "formdata",
              "formdata": []
            },
            "url": {
              "raw": "{{scheme}}://{{host}}:{{port}}/tmf-api/serviceOrdering/v4/cancelServiceOrder?fields={{fields}}&offset={{offset}}&limit={{limit}}",
              "protocol": "{{scheme}}",
              "host": [
                "{{host}}"
              ],
              "port": "{{port}}",
              "path": [
                "tmf-api",
                "serviceOrdering",
                "v4",
                "cancelServiceOrder"
              ],
              "query": [
                {
                  "key": "fields",
                  "value": "{{fields}}"
                },
                {
                  "key": "offset",
                  "value": "{{offset}}"
                },
                {
                  "key": "limit",
                  "value": "{{limit}}"
                }
              ]
            },
            "description": "This operation list or find CancelServiceOrder entities"
          },
          "response": []
        },
        {
          "name": "Creates a CancelServiceOrder",
          "_postman_id": "893d7234-9449-417f-abee-623af3a9a850",
          "request": {
            "method": "POST",
            "header": [
              {
                "key": "Accept",
                "value": "application/json;charset=utf-8"
              },
              {
                "key": "Content-Type",
                "value": "application/json;charset=utf-8"
              }
            ],
            "body": {
              "mode": "raw",
              "raw": "{\n  \"cancellationReason\": \"Duplicate service order\",\n  \"requestedCancellationDate\": \"2020-08-27T09:37:40.508Z\",\n  \"serviceOrder\": {\n    \"id\": \"45f-98f-ss45\",\n    \"@referredType\": \"ServiceOrder\"\n  },\n  \"@type\": \"CancelServiceOrder\"\n}"
            },
            "url": {
              "raw": "{{scheme}}://{{host}}:{{port}}/tmf-api/serviceOrdering/v4/cancelServiceOrder",
              "protocol": "{{scheme}}",
              "host": [
                "{{host}}"
              ],
              "port": "{{port}}",
              "path": [
                "tmf-api",
                "serviceOrdering",
                "v4",
                "cancelServiceOrder"
              ]
            },
            "description": "This operation creates a CancelServiceOrder entity."
          },
          "response": []
        },
        {
          "name": "Retrieves a CancelServiceOrder by ID",
          "_postman_id": "3dc97161-27e6-43c1-a28c-99c7988e897c",
          "request": {
            "method": "GET",
            "header": [
              {
                "key": "Accept",
                "value": "application/json;charset=utf-8"
              },
              {
                "key": "Content-Type",
                "value": "application/json;charset=utf-8"
              }
            ],
            "body": {
              "mode": "formdata",
              "formdata": []
            },
            "url": {
              "raw": "{{scheme}}://{{host}}:{{port}}/tmf-api/serviceOrdering/v4/cancelServiceOrder/:id?fields={{fields}}",
              "protocol": "{{scheme}}",
              "host": [
                "{{host}}"
              ],
              "port": "{{port}}",
              "path": [
                "tmf-api",
                "serviceOrdering",
                "v4",
                "cancelServiceOrder",
                ":id"
              ],
              "query": [
                {
                  "key": "fields",
                  "value": "{{fields}}"
                }
              ],
              "variable": [
                {
                  "value": "{{id}}",
                  "id": "id"
                }
              ]
            },
            "description": "This operation retrieves a CancelServiceOrder entity. Attribute selection is enabled for all first level attributes."
          },
          "response": []
        }
      ],
      "_postman_id": "a870821d-f3ef-4f12-8bf7-0e3f2f0f9869",
      "description": "Folder for cancelServiceOrder"
    },
    {
      "name": "hub",
      "item": [
        {
          "name": "Register a listener",
          "_postman_id": "1437c40d-77d7-469f-b953-a9d9e5fec32d",
          "request": {
            "method": "POST",
            "header": [
              {
                "key": "Accept",
                "value": "application/json;charset=utf-8"
              },
              {
                "key": "Content-Type",
                "value": "application/json;charset=utf-8"
              }
            ],
            "body": {
              "mode": "raw",
              "raw": "{\n    \"callback\": \"callback\",\n    \"query\": \"query\"\n}"
            },
            "url": {
              "raw": "{{scheme}}://{{host}}:{{port}}/tmf-api/serviceOrdering/v4/hub",
              "protocol": "{{scheme}}",
              "host": [
                "{{host}}"
              ],
              "port": "{{port}}",
              "path": [
                "tmf-api",
                "serviceOrdering",
                "v4",
                "hub"
              ]
            },
            "description": "Sets the communication endpoint address the service instance must use to deliver information about its health state, execution state, failures and metrics."
          },
          "response": []
        },
        {
          "name": "Unregister a listener",
          "_postman_id": "eaee468f-7871-4131-82ad-58460858a50d",
          "request": {
            "method": "DELETE",
            "header": [
              {
                "key": "Accept",
                "value": "application/json;charset=utf-8"
              },
              {
                "key": "Content-Type",
                "value": "application/json;charset=utf-8"
              }
            ],
            "body": {
              "mode": "formdata",
              "formdata": []
            },
            "url": {
              "raw": "{{scheme}}://{{host}}:{{port}}/tmf-api/serviceOrdering/v4/hub/:id",
              "protocol": "{{scheme}}",
              "host": [
                "{{host}}"
              ],
              "port": "{{port}}",
              "path": [
                "tmf-api",
                "serviceOrdering",
                "v4",
                "hub",
                ":id"
              ],
              "variable": [
                {
                  "value": "{{id}}",
                  "id": "id"
                }
              ]
            },
            "description": "Resets the communication endpoint address the service instance must use to deliver information about its health state, execution state, failures and metrics."
          },
          "response": []
        }
      ],
      "_postman_id": "2cb40a64-e47c-44b0-b544-db203550862c",
      "description": "Folder for hub"
    },
    {
      "name": "listener",
      "item": [
        {
          "name": "Client listener for entity ServiceOrderCreateEvent",
          "_postman_id": "b3a76964-fdc8-4484-8be8-a7d375ecf4aa",
          "request": {
            "method": "POST",
            "header": [
              {
                "key": "Accept",
                "value": "application/json;charset=utf-8"
              },
              {
                "key": "Content-Type",
                "value": "application/json;charset=utf-8"
              }
            ],
            "body": {
              "mode": "raw",
              "raw": "The event data"
            },
            "url": {
              "raw": "{{scheme}}://{{host}}:{{port}}/tmf-api/serviceOrdering/v4/listener/serviceOrderCreateEvent",
              "protocol": "{{scheme}}",
              "host": [
                "{{host}}"
              ],
              "port": "{{port}}",
              "path": [
                "tmf-api",
                "serviceOrdering",
                "v4",
                "listener",
                "serviceOrderCreateEvent"
              ]
            },
            "description": "Example of a client listener for receiving the notification ServiceOrderCreateEvent"
          },
          "response": []
        },
        {
          "name": "Client listener for entity ServiceOrderAttributeValueChangeEvent",
          "_postman_id": "33ee415e-b8e1-4812-9aec-28bf62325355",
          "request": {
            "method": "POST",
            "header": [
              {
                "key": "Accept",
                "value": "application/json;charset=utf-8"
              },
              {
                "key": "Content-Type",
                "value": "application/json;charset=utf-8"
              }
            ],
            "body": {
              "mode": "raw",
              "raw": "The event data"
            },
            "url": {
              "raw": "{{scheme}}://{{host}}:{{port}}/tmf-api/serviceOrdering/v4/listener/serviceOrderAttributeValueChangeEvent",
              "protocol": "{{scheme}}",
              "host": [
                "{{host}}"
              ],
              "port": "{{port}}",
              "path": [
                "tmf-api",
                "serviceOrdering",
                "v4",
                "listener",
                "serviceOrderAttributeValueChangeEvent"
              ]
            },
            "description": "Example of a client listener for receiving the notification ServiceOrderAttributeValueChangeEvent"
          },
          "response": []
        },
        {
          "name": "Client listener for entity ServiceOrderStateChangeEvent",
          "_postman_id": "bbacf075-cb59-4dc9-9131-ea6a3b1a9a67",
          "request": {
            "method": "POST",
            "header": [
              {
                "key": "Accept",
                "value": "application/json;charset=utf-8"
              },
              {
                "key": "Content-Type",
                "value": "application/json;charset=utf-8"
              }
            ],
            "body": {
              "mode": "raw",
              "raw": "The event data"
            },
            "url": {
              "raw": "{{scheme}}://{{host}}:{{port}}/tmf-api/serviceOrdering/v4/listener/serviceOrderStateChangeEvent",
              "protocol": "{{scheme}}",
              "host": [
                "{{host}}"
              ],
              "port": "{{port}}",
              "path": [
                "tmf-api",
                "serviceOrdering",
                "v4",
                "listener",
                "serviceOrderStateChangeEvent"
              ]
            },
            "description": "Example of a client listener for receiving the notification ServiceOrderStateChangeEvent"
          },
          "response": []
        },
        {
          "name": "Client listener for entity ServiceOrderDeleteEvent",
          "_postman_id": "ecd5ff38-d9b6-4e0b-94df-a39c74fb09d1",
          "request": {
            "method": "POST",
            "header": [
              {
                "key": "Accept",
                "value": "application/json;charset=utf-8"
              },
              {
                "key": "Content-Type",
                "value": "application/json;charset=utf-8"
              }
            ],
            "body": {
              "mode": "raw",
              "raw": "The event data"
            },
            "url": {
              "raw": "{{scheme}}://{{host}}:{{port}}/tmf-api/serviceOrdering/v4/listener/serviceOrderDeleteEvent",
              "protocol": "{{scheme}}",
              "host": [
                "{{host}}"
              ],
              "port": "{{port}}",
              "path": [
                "tmf-api",
                "serviceOrdering",
                "v4",
                "listener",
                "serviceOrderDeleteEvent"
              ]
            },
            "description": "Example of a client listener for receiving the notification ServiceOrderDeleteEvent"
          },
          "response": []
        },
        {
          "name": "Client listener for entity ServiceOrderInformationRequiredEvent",
          "_postman_id": "cf7f4759-e20b-4dfb-8c4e-8e0731c6d4cc",
          "request": {
            "method": "POST",
            "header": [
              {
                "key": "Accept",
                "value": "application/json;charset=utf-8"
              },
              {
                "key": "Content-Type",
                "value": "application/json;charset=utf-8"
              }
            ],
            "body": {
              "mode": "raw",
              "raw": "The event data"
            },
            "url": {
              "raw": "{{scheme}}://{{host}}:{{port}}/tmf-api/serviceOrdering/v4/listener/serviceOrderInformationRequiredEvent",
              "protocol": "{{scheme}}",
              "host": [
                "{{host}}"
              ],
              "port": "{{port}}",
              "path": [
                "tmf-api",
                "serviceOrdering",
                "v4",
                "listener",
                "serviceOrderInformationRequiredEvent"
              ]
            },
            "description": "Example of a client listener for receiving the notification ServiceOrderInformationRequiredEvent"
          },
          "response": []
        },
        {
          "name": "Client listener for entity CancelServiceOrderCreateEvent",
          "_postman_id": "d19dc74d-00e5-4853-8797-be73a939a0b0",
          "request": {
            "method": "POST",
            "header": [
              {
                "key": "Accept",
                "value": "application/json;charset=utf-8"
              },
              {
                "key": "Content-Type",
                "value": "application/json;charset=utf-8"
              }
            ],
            "body": {
              "mode": "raw",
              "raw": "{\n    \"event\": {\n        \"cancelServiceOrder\": {\n            \"id\": \"id\",\n            \"href\": \"href\",\n            \"cancellationReason\": \"cancellationreason\",\n            \"effectiveCancellationDate\": \"2021-03-22t00:23:35.970z\",\n            \"requestedCancellationDate\": \"2021-03-22t00:23:35.970z\",\n            \"serviceOrder\": {\n                \"id\": \"id\",\n                \"href\": \"href\",\n                \"name\": \"name\",\n                \"@baseType\": \"@basetype\",\n                \"@schemaLocation\": \"@schemalocation\",\n                \"@type\": \"@type\",\n                \"@referredType\": \"@referredtype\"\n            },\n            \"state\": \"accepted\",\n            \"@baseType\": \"@basetype\",\n            \"@schemaLocation\": \"@schemalocation\",\n            \"@type\": \"@type\"\n        }\n    },\n    \"eventId\": \"eventid\",\n    \"eventTime\": \"2021-03-22t00:23:35.970z\",\n    \"eventType\": \"eventtype\",\n    \"correlationId\": \"correlationid\",\n    \"domain\": \"domain\",\n    \"title\": \"title\",\n    \"description\": \"description\",\n    \"priority\": \"priority\",\n    \"timeOcurred\": \"2021-03-22t00:23:35.970z\"\n}"
            },
            "url": {
              "raw": "{{scheme}}://{{host}}:{{port}}/tmf-api/serviceOrdering/v4/listener/cancelServiceOrderCreateEvent",
              "protocol": "{{scheme}}",
              "host": [
                "{{host}}"
              ],
              "port": "{{port}}",
              "path": [
                "tmf-api",
                "serviceOrdering",
                "v4",
                "listener",
                "cancelServiceOrderCreateEvent"
              ]
            },
            "description": "Example of a client listener for receiving the notification CancelServiceOrderCreateEvent"
          },
          "response": []
        },
        {
          "name": "Client listener for entity CancelServiceOrderStateChangeEvent",
          "_postman_id": "334d5f8c-be01-4a14-95b9-a11db4978ea3",
          "request": {
            "method": "POST",
            "header": [
              {
                "key": "Accept",
                "value": "application/json;charset=utf-8"
              },
              {
                "key": "Content-Type",
                "value": "application/json;charset=utf-8"
              }
            ],
            "body": {
              "mode": "raw",
              "raw": "{\n    \"event\": {\n        \"cancelServiceOrder\": {\n            \"id\": \"id\",\n            \"href\": \"href\",\n            \"cancellationReason\": \"cancellationreason\",\n            \"effectiveCancellationDate\": \"2021-03-22t00:23:35.970z\",\n            \"requestedCancellationDate\": \"2021-03-22t00:23:35.970z\",\n            \"serviceOrder\": {\n                \"id\": \"id\",\n                \"href\": \"href\",\n                \"name\": \"name\",\n                \"@baseType\": \"@basetype\",\n                \"@schemaLocation\": \"@schemalocation\",\n                \"@type\": \"@type\",\n                \"@referredType\": \"@referredtype\"\n            },\n            \"state\": \"accepted\",\n            \"@baseType\": \"@basetype\",\n            \"@schemaLocation\": \"@schemalocation\",\n            \"@type\": \"@type\"\n        }\n    },\n    \"eventId\": \"eventid\",\n    \"eventTime\": \"2021-03-22t00:23:35.970z\",\n    \"eventType\": \"eventtype\",\n    \"correlationId\": \"correlationid\",\n    \"domain\": \"domain\",\n    \"title\": \"title\",\n    \"description\": \"description\",\n    \"priority\": \"priority\",\n    \"timeOcurred\": \"2021-03-22t00:23:35.970z\"\n}"
            },
            "url": {
              "raw": "{{scheme}}://{{host}}:{{port}}/tmf-api/serviceOrdering/v4/listener/cancelServiceOrderStateChangeEvent",
              "protocol": "{{scheme}}",
              "host": [
                "{{host}}"
              ],
              "port": "{{port}}",
              "path": [
                "tmf-api",
                "serviceOrdering",
                "v4",
                "listener",
                "cancelServiceOrderStateChangeEvent"
              ]
            },
            "description": "Example of a client listener for receiving the notification CancelServiceOrderStateChangeEvent"
          },
          "response": []
        },
        {
          "name": "Client listener for entity CancelServiceOrderInformationRequiredEvent",
          "_postman_id": "a6feafc5-c548-43c8-aa05-297352e446d3",
          "request": {
            "method": "POST",
            "header": [
              {
                "key": "Accept",
                "value": "application/json;charset=utf-8"
              },
              {
                "key": "Content-Type",
                "value": "application/json;charset=utf-8"
              }
            ],
            "body": {
              "mode": "raw",
              "raw": "{\n    \"eventId\": \"eventid\",\n    \"eventTime\": \"2021-03-22t00:23:35.970z\",\n    \"eventType\": \"eventtype\",\n    \"correlationId\": \"correlationid\",\n    \"domain\": \"domain\",\n    \"title\": \"title\",\n    \"description\": \"description\",\n    \"priority\": \"priority\",\n    \"timeOcurred\": \"2021-03-22t00:23:35.970z\",\n    \"fieldPath\": \"fieldpath\",\n    \"event\": {\n        \"cancelServiceOrder\": {\n            \"id\": \"id\",\n            \"href\": \"href\",\n            \"cancellationReason\": \"cancellationreason\",\n            \"effectiveCancellationDate\": \"2021-03-22t00:23:35.970z\",\n            \"requestedCancellationDate\": \"2021-03-22t00:23:35.970z\",\n            \"serviceOrder\": {\n                \"id\": \"id\",\n                \"href\": \"href\",\n                \"name\": \"name\",\n                \"@baseType\": \"@basetype\",\n                \"@schemaLocation\": \"@schemalocation\",\n                \"@type\": \"@type\",\n                \"@referredType\": \"@referredtype\"\n            },\n            \"state\": \"accepted\",\n            \"@baseType\": \"@basetype\",\n            \"@schemaLocation\": \"@schemalocation\",\n            \"@type\": \"@type\"\n        }\n    }\n}"
            },
            "url": {
              "raw": "{{scheme}}://{{host}}:{{port}}/tmf-api/serviceOrdering/v4/listener/cancelServiceOrderInformationRequiredEvent",
              "protocol": "{{scheme}}",
              "host": [
                "{{host}}"
              ],
              "port": "{{port}}",
              "path": [
                "tmf-api",
                "serviceOrdering",
                "v4",
                "listener",
                "cancelServiceOrderInformationRequiredEvent"
              ]
            },
            "description": "Example of a client listener for receiving the notification CancelServiceOrderInformationRequiredEvent"
          },
          "response": []
        }
      ],
      "_postman_id": "181ce516-16d6-4e0d-82a9-a7797217460e",
      "description": "Folder for listener"
    }
  ]
}